name, duration, normal
map, 3940, 1.1400462962962963
generator, 6640, 1.9212962962962963
Set#add, 3456, 1
iterator, 4218, 1.2204861111111112
